name,price,description,sustainability_features,rating,number_of_reviews,product_page_url,product_features,product_affordances
"YITAHOME Deck Box, 51 Gallon Weather Resistant Outdoor Storage Container for Patio Cushions, Pool Supplies, Garden Tools, Lockable Lid and Side Handles, Black",59.48,"DURABLE STRUCTURE- This outdoor storage box is made using all-weather resin featuring a lockable lid that prevents the product from rusting or peeling; Safe for kids and animals and can last for years to come (locks excluded)
HIDDEN STORAGE- This deck storage box offers spacious storage while adding an aesthetic style to your patio, backyard, deck, laundry room and other places
EASY ASSEMBLY & MAINTENANCE- Our outdoor storage deck box includes detailed assembly instructions so you can install within minutes without any tools; Smooth PP surface can be wiped clean with just a towel
VERSATILE APPLICATION- Outdoor deck box is the ideal forol to store patio cushions, outdoor supplies, pool accessories, and beach towels; Can also be used as storage bench, ottoman, side table, and patio table
DIMENSIONS- Deck box’s overall dimensions: 22.13""L x 22.13"" W x 24.21""H; With a 51 gallon storage capacity so it’s ideal as a small storage option","Recycled materials
Contains at least 95% recycled material.
As certified by
",4.5 out of 5 stars,"1,494 ratings",https://www.amazon.com/YITAHOME-Waterproof-Delivery-Furniture-GardenTools/dp/B0DBZMHLXW/ref=sr_1_1?dib=eyJ2IjoiMSJ9.5mSbCwoV1J95cpJAEsyEl4g7IzwapkwwxvIeu5Q2vkkcDR8HPfvGh23GCeoqgCIM5sqt0uF68jvzocmBwSiTrPryhHStUYUR9sjNYRGH3kjBRLcfzr3vNYpSgjBNqhRsUbalJrMxHgVYOVsSv283dB2sfVCZ7Rh6PSX0o3cEreRwHfG9oQ-LoK-pBe4yviGS.yg91vOsJr1wHYc3FkO5uviJigm7ZdMXXt0CTcD5_L3A&dib_tag=se&qid=1727754468&rnid=2941120011&s=hi&sr=1-1&srs=21411242011&th=1,"Product Features: [""DURABLE STRUCTURE"", ""outdoor storage box"", ""all-weather resin"", ""lockable lid"", ""HIDDEN STORAGE"", ""deck storage box"", ""spacious storage"", ""aesthetic style"", ""EASY ASSEMBLY"", ""MAINTENANCE"", ""detailed assembly instructions"", ""tools"", ""Smooth PP surface"", ""VERSATILE APPLICATION"", ""storage bench"", ""ottoman"", ""side table"", ""patio table"", ""DIMENSIONS"", ""51 gallon storage capacity""]","Product Affordances: [""Durable"", ""Lockable"", ""Safe"", ""Lasting"", ""Hidden"", ""Spacious"", ""Aesthetic"", ""Easy assembly"", ""Wiped clean"", ""Versatile"", ""Store"", ""Used as bench"", ""Used as ottoman"", ""Used as side table"", ""Used as patio table""]"
"YITAHOME 30 Gallon Deck Box Outdoor Storage Box, Waterproof Resin Package Delivery and Storage Box with Lockable Lid for Patio Furniture Cushions, Pool Accessories, Garden Tools, Black",27.99,"Resin
VERSATILE APPLICATION- This deck box has a 30-gallon capacity that provides ample room for daily indoor and outdoor storage of cushions, garden tools, etc.; Can also be used as a side table, patio seating, storage ottoman, or footstool.
EASY TO ASSEMBLE- Our outdoor storage box can be easily assembled with a LEGO-like KD(knocked-down) design; Only one person is required to put all panels together without any tools.
ALL-WEATHER GUARD- Weatherproof poly resin rattan combines beauty and utility, granting this patio deck storage protection against water, UV, fading, rusting, peeling, and bending; Requires little to no maintenance for years to come.
DESIGNED FOR CONVENIENCE- Our deck box has built-in handles on both sides for convenient lifting and movement; Add a combination lock/padlock (not included) to the top lid to offer extra security.
PRODUCT DIMENSIONS- With a 30-gallon storage capacity and dimensions of 22''L x 17.1''W x 20.8''H, this outdoor storage box is the optimal choice for storing small items with easy accessibility.","Recycled materials
Contains at least 95% recycled material.
As certified by
",4.4 out of 5 stars,"2,260 ratings",https://www.amazon.com/YITAHOME-Furniture-Accessories-Cushions-Waterproof/dp/B09VFLHLV9/ref=sr_1_2?dib=eyJ2IjoiMSJ9.5mSbCwoV1J95cpJAEsyEl4g7IzwapkwwxvIeu5Q2vkkcDR8HPfvGh23GCeoqgCIM5sqt0uF68jvzocmBwSiTrPryhHStUYUR9sjNYRGH3kjBRLcfzr3vNYpSgjBNqhRsUbalJrMxHgVYOVsSv283dB2sfVCZ7Rh6PSX0o3cEreRwHfG9oQ-LoK-pBe4yviGS.yg91vOsJr1wHYc3FkO5uviJigm7ZdMXXt0CTcD5_L3A&dib_tag=se&qid=1727754468&rnid=2941120011&s=hi&sr=1-2&srs=21411242011,"Product Features: [""Resin"", ""VERSATILE APPLICATION"", ""deck box"", ""30-gallon capacity"", ""indoor and outdoor storage"", ""cushions"", ""garden tools"", ""side table"", ""patio seating"", ""storage ottoman"", ""footstool"", ""EASY TO ASSEMBLE"", ""outdoor storage box"", ""LEGO-like KD design"", ""tools"", ""ALL-WEATHER GUARD"", ""weatherproof poly resin rattan"", ""protection"", ""water"", ""UV"", ""fading"", ""rusting"", ""peeling"", ""bending"", ""maintenance"", ""DESIGNED FOR CONVENIENCE"", ""built-in handles"", ""combination lock/padlock"", ""top lid"", ""security"", ""PRODUCT DIMENSIONS"", ""22''L x 17.1''W x 20.8''H"", ""small items"", ""accessibility""]","Product Affordances: [""VERSATILE"", ""APPLICATION"", ""STORAGE"", ""ASSEMBLE"", ""EASILY"", ""WEATHERPROOF"", ""PROTECTION"", ""DESIGNED"", ""CONVENIENCE"", ""LIFTING"", ""MOVEMENT"", ""SECURITY"", ""ACCESSIBILITY""]"
"YITAHOME 32 Gallon Rattan Deck Box, Indoor Outdoor Storage Box for Patio Furniture, Pool Accessories, Cushions, Garden Tools, Sports Equipment, Waterproof Resin with Lockable Lid & Side Handles, Black",29.99,"VERSATILE APPLICATION- This deck box has a 32-gallon capacity that provides ample room for daily indoor and outdoor storage of cushions, garden tools, etc.; Can also be used as a side table, patio seating, storage ottoman, or footstool.
EASY TO ASSEMBLE- Our outdoor storage box can be easily assembled with a LEGO-like KD(knocked-down) design; Only one person is required to put all panels together without any tools.
ALL-WEATHER GUARD- Weatherproof poly resin rattan combines beauty and utility, granting this patio deck storage protection against water, UV, fading, rusting, peeling, and bending; Requires little to no maintenance for years to come.
DESIGNED FOR CONVENIENCE- Our deck box has built-in handles on both sides for convenient lifting and movement; Add a combination lock/padlock (not included) to the top lid to offer extra security.
PRODUCT DIMENSIONS- With a 32-gallon storage capacity and dimensions of 22.1''L x 17.1''W x 20.9''H, this outdoor storage box is the optimal choice for storing small items with easy accessibility.","Recycled materials
Contains at least 95% recycled material.
As certified by
",4.6 out of 5 stars,255 ratings,https://www.amazon.com/YITAHOME-Furniture-Accessories-Equipment-Waterproof/dp/B0BTXXGQPM/ref=sr_1_3?dib=eyJ2IjoiMSJ9.5mSbCwoV1J95cpJAEsyEl4g7IzwapkwwxvIeu5Q2vkkcDR8HPfvGh23GCeoqgCIM5sqt0uF68jvzocmBwSiTrPryhHStUYUR9sjNYRGH3kjBRLcfzr3vNYpSgjBNqhRsUbalJrMxHgVYOVsSv283dB2sfVCZ7Rh6PSX0o3cEreRwHfG9oQ-LoK-pBe4yviGS.yg91vOsJr1wHYc3FkO5uviJigm7ZdMXXt0CTcD5_L3A&dib_tag=se&qid=1727754468&rnid=2941120011&s=hi&sr=1-3&srs=21411242011&th=1,"Product Features: [""32-gallon capacity"", ""cushions"", ""garden tools"", ""side table"", ""patio seating"", ""storage ottoman"", ""footstool"", ""LEGO-like KD design"", ""tools"", ""weatherproof poly resin rattan"", ""beauty"", ""utility"", ""water"", ""UV"", ""fading"", ""rusting"", ""peeling"", ""bending"", ""maintenance"", ""built-in handles"", ""convenient lifting"", ""movement"", ""combination lock"", ""padlock"", ""top lid"", ""security"", ""22.1''L x 17.1''W x 20.9''H dimensions"", ""small items"", ""accessibility""]","Product Affordances: [""Store"", ""Assemble"", ""Used"", ""Lift"", ""Move"", ""Weatherproof"", ""Protection"", ""Fade"", ""Rust"", ""Peel"", ""Bend"", ""Maintenance"", ""Accessibility""]"
"YITAHOME XL 150 Gallon Large Deck Box,Outdoor Storage for Patio Furniture Cushions,Garden Tools with Flexible Divider,Waterproof,Lockable (Brown)",215.99,"UPGRADED STRUCTURAL DESIGN- Newly designed with a built-in divider and two accompanying slots for flexible position adjustment; The divider can either be used to separate partitions for classification, or be detached to up additional storage space
IMMENSE STORAGE CAPACITY- This XL-sized outdoor storage box features a generous 150 gallon capacity; With dimensions of 54.3""L x 27.2""W x 28.4""H, the deck box offers ample space to accommodate both indoor and outdoor storage, ideal for cushions, tools, etc
EASY ASSEMBLY- Instead of doing laborious snap-on installation, we adopt improved slide connections so you can easily align the positions of 4 panels and slide them into each other; 2 people are recommended for the assembly due to the large size
DOUBLE-WALL CONSTRUCTION- Made from all-weather guard resin that’s rustproof, corrosion-resistant, and maintenance-free; Features double-wall construction for enhanced sturdiness and durability; The wooden texture complements any decor
MULTI-FACETED APPLICATION- This deck box can blend into any yard or patio to store patio furniture cushions, gardening tools, pool accessories, etc.; The top layer doubles as an extra table or stool","Recycled materials
Contains at least 95% recycled material.
As certified by
",4.3 out of 5 stars,"1,512 ratings",https://www.amazon.com/YITAHOME-Double-Wall-Flexible-Cushions-Waterproof/dp/B0BW5V1LNK/ref=sr_1_4?dib=eyJ2IjoiMSJ9.5mSbCwoV1J95cpJAEsyEl4g7IzwapkwwxvIeu5Q2vkkcDR8HPfvGh23GCeoqgCIM5sqt0uF68jvzocmBwSiTrPryhHStUYUR9sjNYRGH3kjBRLcfzr3vNYpSgjBNqhRsUbalJrMxHgVYOVsSv283dB2sfVCZ7Rh6PSX0o3cEreRwHfG9oQ-LoK-pBe4yviGS.yg91vOsJr1wHYc3FkO5uviJigm7ZdMXXt0CTcD5_L3A&dib_tag=se&qid=1727754468&rnid=2941120011&s=hi&sr=1-4&srs=21411242011&th=1,"Product Features: [""UPGRADED STRUCTURAL DESIGN"", ""built-in divider"", ""slots"", ""IMMENSE STORAGE CAPACITY"", ""XL-sized outdoor storage box"", ""150 gallon capacity"", ""dimensions of 54.3\""L x 27.2\""W x 28.4\""H"", ""EASY ASSEMBLY"", ""improved slide connections"", ""4 panels"", ""DOUBLE-WALL CONSTRUCTION"", ""all-weather guard resin"", ""rustproof"", ""corrosion-resistant"", ""maintenance-free"", ""wooden texture"", ""MULTI-FACETED APPLICATION"", ""deck box"", ""top layer""]","Product Affordances: [""Separate"", ""Classify"", ""Detach"", ""Adjust"", ""Store"", ""Accommodate"", ""Assemble"", ""Align"", ""Slide"", ""Blend"", ""Sturdy"", ""Durable"", ""Maintenance-free"", ""Rustproof"", ""Corrosion-resistant"", ""Double as a table or stool""]"
"YITAHOME 8x8ft Outdoor Resin Storage Shed with Floor, 427 cuft Waterproof Garden Shed with Lockable Door, Windows & Vents, Plastic Tool Storage for Patio Furniture, Lawn Mower, and Bike Storage, Gray",989.99,"Versatile Storage: Our 8'x8' resin storage shed with dimensions of 94.1''L x 94.1''W x 94.1''H, boasting 427 cubic feet capacity and offers secure and weatherproof shelter for garden tools, lawn equipment, bicycles, outdoor toys, patio furniture, and more; It can serve as a pet haven or plant greenhouse
Air-Ventilated and Light-Transmissible: The lockable door design offers anti-theft protection; Skylights and semi-transparent side windows facilitate natural light while louvered windows promote air circulation to prevent moisture build-up; A sloped roof effectively drains water to achieve extended durability
All-Weather Durability: Crafted from high-quality thermoplastic synthetic resin, our YITAHOME plastic shed is resistant from fading, corrosion, water, and UV light so it’s durable in diverse weather conditions; 16mm thick double-layer resin panels resist warping and cracking for long-lasting use
Heavy-Duty Floor: The backyard storage shed comes with a 16mm thick double-layer resin floor for added protection, ensuring stored items stay clean and dry; Durable PVC flooring withstands abrasion, supports heavy equipment, and enhances stability on flat surfaces
Hassle-Free Assembly: No special tools or expertise are required for assembly; We recommend a two-person installation for best results; The package includes all necessary components, labeled parts, and detailed instructions for an easy assembly; Note: For convenient transportation, the product will be delivered in three packages that might arrive separately","Recycled materials
Contains at least 95% recycled material.
As certified by
",3.9 out of 5 stars,305 ratings,https://www.amazon.com/YITAHOME-Outdoor-Waterproof-Lockable-Furniture/dp/B0DFLJKX75/ref=sr_1_5?dib=eyJ2IjoiMSJ9.5mSbCwoV1J95cpJAEsyEl4g7IzwapkwwxvIeu5Q2vkkcDR8HPfvGh23GCeoqgCIM5sqt0uF68jvzocmBwSiTrPryhHStUYUR9sjNYRGH3kjBRLcfzr3vNYpSgjBNqhRsUbalJrMxHgVYOVsSv283dB2sfVCZ7Rh6PSX0o3cEreRwHfG9oQ-LoK-pBe4yviGS.yg91vOsJr1wHYc3FkO5uviJigm7ZdMXXt0CTcD5_L3A&dib_tag=se&qid=1727754468&rnid=2941120011&s=hi&sr=1-5&srs=21411242011&th=1,"Product Features: [""Versatile Storage"", ""Resin Storage Shed"", ""Dimensions"", ""Cubic Feet Capacity"", ""Secure Shelter"", ""Weatherproof Shelter"", ""Garden Tools"", ""Lawn Equipment"", ""Bicycles"", ""Outdoor Toys"", ""Patio Furniture"", ""Pet Haven"", ""Plant Greenhouse"", ""Air-Ventilated"", ""Light-Transmissible"", ""Lockable Door"", ""Anti-Theft Protection"", ""Skylights"", ""Semi-Transparent Side Windows"", ""Natural Light"", ""Louvered Windows"", ""Air Circulation"", ""Moisture Build-Up"", ""Sloped Roof"", ""Water Drainage"", ""Extended Durability"", ""All-Weather Durability"", ""High-Quality Thermoplastic Synthetic Resin"", ""Fading Resistance"", ""Corrosion Resistance"", ""Water Resistance"", ""UV Light Resistance"", ""16mm Thick Double-Layer Resin Panels"", ""Warping Resistance"", ""Cracking Resistance"", ""Long-Lasting Use"", ""Heavy-Duty Floor"", ""16mm Thick Double-Layer Resin Floor"", ""Protection"", ""Clean and Dry"", ""Durable PVC Flooring"", ""Abrasion Resistance"", ""Support Heavy Equipment"", ""Stability on Flat Surfaces"", ""Hassle-Free Assembly"", ""No Special Tools"", ""Two-Person Installation"", ""Necessary Components"", ""Labeled Parts"", ""Detailed Instructions"", ""Easy Assembly"", ""Convenient Transportation"", ""Three Packages""]","Product Affordances: [""Store"", ""Secure"", ""Weatherproof"", ""Lockable"", ""Anti-theft"", ""Ventilated"", ""Light-Transmissible"", ""Promote"", ""Prevent"", ""Durability"", ""Resistant"", ""Support"", ""Stability"", ""Hassle-Free"", ""Easy"", ""Assemble""]"
"YITAHOME Outdoor Horizontal Storage Sheds w/o Shelf, 35 Cu Ft Lockable Resin Waterproof Shed, Ideal for Garden Tools, Easy to Assemble, Brown",249.99,"LARGE STORAGE CAPACITY- Exterior is sized 51.1’’L*29.1’’W*41.3’’H, and the interior measures 47.2’’L*25.4’’W*39’’H; This plastic storage shed has a capacity of 35 cu ft; Suitable for storing gardening tools, small lawn mower, bicycle, garden furniture, 2 small trash cans. You can add another laminate shelf (48x13inch, purchased separately) to maximize storage capacity
ALL-WEATHER RESISTANT- This storage shed is made from weatherproof resin for UV protection, all-weather use, easy cleaning and maintenance; Alluring wooden texture will not fade and the innovative lid design keeps water out
DOUBLE-WALL PANELS- The outdoor storage shed features dual-wall resin panels that are processed with advanced technology for stronger wind & impact resistance; It won’t easily bend or puncture; Enjoy a secure place to store your valuable tools and equipment
Versatile Functionality- To fix the flip cover and enable multiple opening directions for quick and easy storage, simply pull up the pre-installed support rod and secure it into the slot; Padlock latch (lock not included) ensures safer storage while the step-on lock anchors the door to floor for added convenience
EASY ASSEMBLY & DISASSEMBLY- Comes with detailed instructions for a quick, 20-minute installation; Package contains 2 boxes, The outer box may arrive in different time periods, Please find the customer service inquiry number or wait patiently","Recycled materials
Contains at least 95% recycled material.
As certified by
",3.9 out of 5 stars,346 ratings,https://www.amazon.com/YITAHOME-Horizontal-Storage-Shed-Multi-Opening/dp/B0BSL2GFXY/ref=sr_1_6?dib=eyJ2IjoiMSJ9.5mSbCwoV1J95cpJAEsyEl4g7IzwapkwwxvIeu5Q2vkkcDR8HPfvGh23GCeoqgCIM5sqt0uF68jvzocmBwSiTrPryhHStUYUR9sjNYRGH3kjBRLcfzr3vNYpSgjBNqhRsUbalJrMxHgVYOVsSv283dB2sfVCZ7Rh6PSX0o3cEreRwHfG9oQ-LoK-pBe4yviGS.yg91vOsJr1wHYc3FkO5uviJigm7ZdMXXt0CTcD5_L3A&dib_tag=se&qid=1727754468&rnid=2941120011&s=hi&sr=1-6&srs=21411242011&th=1,"Product Features: [""LARGE STORAGE CAPACITY"", ""Exterior"", ""Interior"", ""plastic storage shed"", ""capacity"", ""gardening tools"", ""small lawn mower"", ""bicycle"", ""garden furniture"", ""trash cans"", ""laminate shelf"", ""ALL-WEATHER RESISTANT"", ""storage shed"", ""weatherproof resin"", ""UV protection"", ""wooden texture"", ""lid design"", ""water"", ""DOUBLE-WALL PANELS"", ""outdoor storage shed"", ""dual-wall resin panels"", ""advanced technology"", ""wind resistance"", ""impact resistance"", ""place"", ""tools"", ""equipment"", ""Versatile Functionality"", ""flip cover"", ""opening directions"", ""storage"", ""pre-installed support rod"", ""slot"", ""Padlock latch"", ""lock"", ""step-on lock"", ""door"", ""EASY ASSEMBLY & DISASSEMBLY"", ""instructions"", ""installation"", ""Package"", ""boxes"", ""outer box"", ""customer service inquiry number""]","Product Affordances: [""Store"", ""Maximize"", ""Weatherproof"", ""Resistant"", ""Protect"", ""Use"", ""Clean"", ""Maintain"", ""Fade"", ""Keep"", ""Secure"", ""Fix"", ""Open"", ""Lock"", ""Anchor"", ""Assemble"", ""Disassemble""]"
"YITAHOME 33 Gallon Round Deck Box, Outdoor Storage Box for Patio Furniture,Patio Table for Cushion, Pool Accessories, Waterproof Resin & Easy Assembly & Lightweight, Light Brown",63.2,"VERSATILE APPLICATION- This round deck box has a 33-gallon capacity that provides ample room for daily indoor and outdoor storage of cushions, garden tools, etc.; Can also be used as a side table, coffee table, patio seating, storage ottoman, or footstool; Matches ideal with the Adirondack Chairs and Chaise Lounge Chairs.
EASY TO ASSEMBLE- Our outdoor storage box can be easily assembled with a LEGO-like KD(knocked-down) design; Only one person is required to put all panels together without any tools.
DURABLE AND WEATHER RESISTANT- Crafted from weather-resistant resin and constructed with an appealing wooden grain look, featuring waterproof, UV resistance, rust-resistance, and long-lasting durability; Easy cleaning and maintenance; Features better all-season protection compared to wood and metal.
DESIGNED FOR CONVENIENCE- Our deck box has built-in handles on both sides for convenient lifting and movement; Ideal for patio storage, rest feet on or set plates/drinks.
PRODUCT DIMENSIONS- With a 33-gallon storage capacity and dimensions of 26.65''L x 26.65''W x 17.32''H, this outdoor storage box is the optimal choice for storing small items with easy accessibility, Keeps your garden and backyard neat and clean.","Recycled materials
Contains at least 95% recycled material.
As certified by
",4.3 out of 5 stars,146 ratings,https://www.amazon.com/YITAHOME-Furniture-Accessories-Waterproof-Lightweight/dp/B09WXSMK7X/ref=sr_1_7?dib=eyJ2IjoiMSJ9.5mSbCwoV1J95cpJAEsyEl4g7IzwapkwwxvIeu5Q2vkkcDR8HPfvGh23GCeoqgCIM5sqt0uF68jvzocmBwSiTrPryhHStUYUR9sjNYRGH3kjBRLcfzr3vNYpSgjBNqhRsUbalJrMxHgVYOVsSv283dB2sfVCZ7Rh6PSX0o3cEreRwHfG9oQ-LoK-pBe4yviGS.yg91vOsJr1wHYc3FkO5uviJigm7ZdMXXt0CTcD5_L3A&dib_tag=se&qid=1727754468&rnid=2941120011&s=hi&sr=1-7&srs=21411242011&th=1,"Product Features: [""33-gallon capacity"", ""daily indoor and outdoor storage"", ""cushions"", ""garden tools"", ""side table"", ""coffee table"", ""patio seating"", ""storage ottoman"", ""footstool"", ""Adirondack Chairs"", ""Chaise Lounge Chairs"", ""easy to assemble"", ""LEGO-like KD design"", ""one person"", ""weather-resistant resin"", ""wooden grain look"", ""waterproof"", ""UV resistance"", ""rust-resistance"", ""long-lasting durability"", ""easy cleaning"", ""maintenance"", ""all-season protection"", ""built-in handles"", ""patio storage"", ""rest feet"", ""set plates/drinks"", ""Product Dimensions"", ""26.65''L"", ""26.65''W"", ""17.32''H"", ""small items"", ""accessibility""]","Product Affordances: [""Versatile application"", ""Store"", ""Use as side table"", ""Use as coffee table"", ""Use as patio seating"", ""Use as storage ottoman"", ""Use as footstool"", ""Assemble"", ""Durable"", ""Weather resistant"", ""Waterproof"", ""UV resistance"", ""Rust-resistance"", ""Long-lasting durability"", ""Easy cleaning"", ""Convenient lifting"", ""Easy accessibility"", ""Keep neat and clean""]"
"YITAHOME 60 Gallon Large Package Delivery and Storage Box, Double-Wall Resin Outdoor Package Delivery and Waterproof Deck Box for Porch, Curbside, 8.5 Cubic feet, Gray",86.41,"Resin
Spacious Capacity: YITAHOME delivery box measures 21.7""L x 20.1""W x 44.5""H overall with an internal volume of 60 gallons/220L; Its large space can accommodate multiple large packages, goods, mails, foods and other common deliveries, saving you the hassle of frequent package pickups for better management and convenience
Versatile Functionality: Our resin delivery box provides a wide array of uses, ensuring the safe storage and organization of your packages while also simplifying the arrangement of your indoor and outdoor tools
Sturdy and Durable: Premium resin-made box for package delivery can effectively withstand harsh weather conditions such as typhoons, rain, and snow for all season use; Sturdy construction and thick wall panels further extend its service life
Flexible Option: Two-side door crossbar that facilitates installation on either side - Position the side with “Deliveries” outward to signal its purpose, or use the other side that’s blank depending on your needs; Classic deep gray color in minimalist style makes this a great dust-proof addition to your porch, curb, apartment, office, store, etc.
Easy One-Person Installation: Enjoy effortless installation of the pacel delivery box with detailed instructions included, single-person assembly with just a few steps and you’re good to go; Reserved mounting holes are designed to enable optional installation of ground nails (not included and drilling required)","Recycled materials
Contains at least 95% recycled material.
As certified by
",4.4 out of 5 stars,103 ratings,https://www.amazon.com/YITAHOME-Delivery-Lockable-Double-Wall-Waterproof/dp/B0CGRKCZXR/ref=sr_1_8?dib=eyJ2IjoiMSJ9.5mSbCwoV1J95cpJAEsyEl4g7IzwapkwwxvIeu5Q2vkkcDR8HPfvGh23GCeoqgCIM5sqt0uF68jvzocmBwSiTrPryhHStUYUR9sjNYRGH3kjBRLcfzr3vNYpSgjBNqhRsUbalJrMxHgVYOVsSv283dB2sfVCZ7Rh6PSX0o3cEreRwHfG9oQ-LoK-pBe4yviGS.yg91vOsJr1wHYc3FkO5uviJigm7ZdMXXt0CTcD5_L3A&dib_tag=se&qid=1727754468&rnid=2941120011&s=hi&sr=1-8&srs=21411242011&th=1,"Product Features: [""Resin"", ""Spacious Capacity"", ""Internal Volume"", ""Uses"", ""Safe Storage"", ""Organization"", ""Sturdy Construction"", ""Weather Conditions"", ""Service Life"", ""Two-side Door Crossbar"", ""Classic Deep Gray Color"", ""Minimalist Style"", ""Dust-proof Addition"", ""Detailed Instructions"", ""Single-person Assembly"", ""Reserved Mounting Holes""]","Product Affordances: [""Accommodate"", ""Safe storage"", ""Organization"", ""Simplifying"", ""Withstand"", ""Sturdy"", ""Durable"", ""Extend"", ""Flexible"", ""Facilitates"", ""Installation"", ""Signal"", ""Dust-proof"", ""Effortless"", ""Assembly"", ""Mounting""]"
"YITAHOME 100 Gallon Large Resin Deck Box Outdoor Storage Boxes for Patio Furniture, Outdoor Cushions, Garden Tools and Pool Supplies-Waterproof,Lockable (Black)",118.86,"EXTRA LARGE SPACE- Our outdoor storage box has a storage capacity of 100 gallons and total dimensions of 47.6""L x 21.2""W x 24.8""H.
HIGHLY DURABLE- Structured with waterproof poly resin that prevents fading and rusting; Will keep your box’s shiny new look for years to come.
VERSATILE STORAGE- Can be used indoors or outdoors to store patio furniture cushions, gardening tools, outdoor supplies, and pool accessories; Lockable lid safely protects your items.
FUNCTIONAL DESIGN- The lid flips open for easy access to your items; Designed with ergonomic side handles so it’s easy to carry around.
EXTRA SEATING- Provides comfortable bench seating with a weight capacity of 440 lbs.; can be easily assembled.","Recycled materials
Contains at least 95% recycled material.
As certified by
",4.3 out of 5 stars,822 ratings,https://www.amazon.com/YITAHOME-Outdoor-Storage-Furniture-Cushions/dp/B08PNPQV9F/ref=sr_1_9?dib=eyJ2IjoiMSJ9.5mSbCwoV1J95cpJAEsyEl4g7IzwapkwwxvIeu5Q2vkkcDR8HPfvGh23GCeoqgCIM5sqt0uF68jvzocmBwSiTrPryhHStUYUR9sjNYRGH3kjBRLcfzr3vNYpSgjBNqhRsUbalJrMxHgVYOVsSv283dB2sfVCZ7Rh6PSX0o3cEreRwHfG9oQ-LoK-pBe4yviGS.yg91vOsJr1wHYc3FkO5uviJigm7ZdMXXt0CTcD5_L3A&dib_tag=se&qid=1727754468&rnid=2941120011&s=hi&sr=1-9&srs=21411242011,"Product Features: [""EXTRA LARGE SPACE"", ""storage capacity"", ""100 gallons"", ""dimensions"", ""47.6\""L x 21.2\""W x 24.8\""H"", ""HIGHLY DURABLE"", ""waterproof poly resin"", ""fading"", ""rusting"", ""shiny new look"", ""years"", ""VERSATILE STORAGE"", ""indoor"", ""outdoor"", ""patio furniture cushions"", ""gardening tools"", ""outdoor supplies"", ""pool accessories"", ""Lockable lid"", ""items"", ""FUNCTIONAL DESIGN"", ""lid"", ""access"", ""ergonomic side handles"", ""EXTRA SEATING"", ""bench seating"", ""weight capacity"", ""440 lbs."", ""assembly""]","Product Affordances: [""Store"", ""Protect"", ""Flip"", ""Carry"", ""Assemble"", ""Lockable"", ""Durable"", ""Waterproof"", ""Versatile"", ""Seating"", ""Ergonomic""]"
"YITAHOME 37 Gallon Outdoor Storage Cabinet w/Sliding Doors, Medium Double-Wall Resin Outdoor Storage Cabinet, Waterproof Storage Cabinet for Outdoor/Indoor/Garage/Lawn Care, Light Gray",152.09,"Dimensions: 2 door storage cabinet’s size: 35.43 ""L x 21.65 ""W x 16.93 ""H (after assembly), and can accommodate up to 37 gallons of storage space; Everything from lawn care essentials to tools, and sports equipment can be safely stored inside
Free DIY Combination: Storage cabinet's top is detachable, so it can be selected and assembled according to your needs; Unleash your creativity and decorate a dedicated storage cabinet for your home
Weather-resistant Materials: Our patio storage cabinet is made using premium resin materials; Unlike wood or metal, resin materials will not decay, rust, dent, or peel off, requiring little to no maintenance
Sturdy Structure: Heavy duty storage cabinet’s double-layer structure features ventilation partition and solid partition to ensure stability; the top surface can bear a maximum weight of 220 LBS; The combination of snap on quick assembly with durability means that installation can be conveniently completed by one person without any tools
Suitable for Multiple Applications: Storage cabinet’s double opening mobile sliding door design saves space, and its simple lines and neutral tones integrate well with any courtyard or terrace; The top of the box can serve as an additional seat for multiple people","Recycled materials
Contains at least 95% recycled material.
As certified by
",4.2 out of 5 stars,26 ratings,https://www.amazon.com/YITAHOME-Outdoor-Storage-Double-Wall-Waterproof/dp/B0CL4PYWPL/ref=sr_1_10?dib=eyJ2IjoiMSJ9.5mSbCwoV1J95cpJAEsyEl4g7IzwapkwwxvIeu5Q2vkkcDR8HPfvGh23GCeoqgCIM5sqt0uF68jvzocmBwSiTrPryhHStUYUR9sjNYRGH3kjBRLcfzr3vNYpSgjBNqhRsUbalJrMxHgVYOVsSv283dB2sfVCZ7Rh6PSX0o3cEreRwHfG9oQ-LoK-pBe4yviGS.yg91vOsJr1wHYc3FkO5uviJigm7ZdMXXt0CTcD5_L3A&dib_tag=se&qid=1727754468&rnid=2941120011&s=hi&sr=1-10&srs=21411242011&th=1,"Product Features: [""Dimensions"", ""2 door storage cabinet"", ""35.43 \""L"", ""21.65 \""W"", ""16.93 \""H"", ""37 gallons of storage space"", ""lawn care essentials"", ""tools"", ""sports equipment"", ""Free DIY Combination"", ""Storage cabinet's top"", ""detachable"", ""Weather-resistant Materials"", ""patio storage cabinet"", ""premium resin materials"", ""decay"", ""rust"", ""dent"", ""peel off"", ""maintenance"", ""Sturdy Structure"", ""Heavy duty storage cabinet"", ""double-layer structure"", ""ventilation partition"", ""solid partition"", ""stability"", ""maximum weight"", ""220 LBS"", ""snap on quick assembly"", ""durability"", ""tools"", ""Multiple Applications"", ""double opening mobile sliding door design"", ""space"", ""simple lines"", ""neutral tones"", ""courtyard"", ""terrace"", ""additional seat"", ""multiple people""]","Product Affordances: [""accommodate"", ""store"", ""detachable"", ""assembled"", ""decorate"", ""weather-resistant"", ""decay"", ""rust"", ""dent"", ""peel"", ""maintenance"", ""ventilation"", ""stable"", ""bear"", ""durability"", ""completed"", ""sliding"", ""saves"", ""serve""]"
"YITAHOME 100 Gallon Large Deck Box Upgrade Resin Outdoor Storage Boxes, Waterproof Patio Cushion Storage Bench for Patio Furniture, Pillows, Pool Supplies, Garden Tools- Rattan,Lockable (Light Brown)",89.99,"OUTDOOR STORAGE BOX: The upgraded large deck box for indoor / outdoor settings with exterior dimensions of 47.9""L x 21.7""W x 25.3""H, and interior size of 47.2""L x 21""W x 23.6""H. The top cover provides an additional mesh pocket for storing small items
LARGE STORAGE SPACE: A stylish item with 100-gallon capacity on your patio, deck, or porch that conveniently stores your gardening tools, cushions, pool supplies, or sporting equipment; This outdoor patio storage can hold one set of cushions from 6-pcs patio furniture set
ALL-WEATHER GUARD: Weatherproof poly resin rattan combines beauty and utility, granting this patio deck storage protection against water, UV, rusting, peeling, and bending; Requires little to no maintenance for years to come
VERSATILE PATIO STORAGE: This multipurpose waterproof outdoor storage bench boasts 660lbs. capacity, and can double as an extra table or patio bench to accommodate two average peoples
EASY TO USE: Hydraulic hinge provides smooth, anti-slam closing; It’s easy to reposition thanks to the built-in handles, and secure your items with lockable lid; Two people assembly in 10 mins with tools included","Recycled materials
Contains at least 95% recycled material.
As certified by
",4.3 out of 5 stars,180 ratings,https://www.amazon.com/YITAHOME-Waterproof-Furniture-Supplies-Lockable/dp/B0BVW8Y6PQ/ref=sr_1_11?dib=eyJ2IjoiMSJ9.5mSbCwoV1J95cpJAEsyEl4g7IzwapkwwxvIeu5Q2vkkcDR8HPfvGh23GCeoqgCIM5sqt0uF68jvzocmBwSiTrPryhHStUYUR9sjNYRGH3kjBRLcfzr3vNYpSgjBNqhRsUbalJrMxHgVYOVsSv283dB2sfVCZ7Rh6PSX0o3cEreRwHfG9oQ-LoK-pBe4yviGS.yg91vOsJr1wHYc3FkO5uviJigm7ZdMXXt0CTcD5_L3A&dib_tag=se&qid=1727754468&rnid=2941120011&s=hi&sr=1-11&srs=21411242011,"Product Features: [""OUTDOOR STORAGE BOX"", ""deck box"", ""indoor / outdoor settings"", ""exterior dimensions"", ""interior size"", ""top cover"", ""mesh pocket"", ""storage space"", ""100-gallon capacity"", ""gardening tools"", ""cushions"", ""pool supplies"", ""sporting equipment"", ""patio storage"", ""patio furniture set"", ""ALL-WEATHER GUARD"", ""poly resin rattan"", ""protection"", ""water"", ""UV"", ""rusting"", ""peeling"", ""bending"", ""maintenance"", ""VERSATILE PATIO STORAGE"", ""storage bench"", ""capacity"", ""extra table"", ""patio bench"", ""EASY TO USE"", ""Hydraulic hinge"", ""closing"", ""handles"", ""lockable lid"", ""assembly"", ""tools included""]","Product Affordances: [""store"", ""protect"", ""double as"", ""accommodate"", ""reposition"", ""secure"", ""assemble"", ""lockable"", ""weatherproof"", ""versatile"", ""easy to use"", ""stylish"", ""maintenance-free"", ""anti-slam closing""]"
"YITAHOME 51 Gallon Medium Deck Box,Outdoor Storage Container for Patio Cushions-Pool-Supplies,Garden Tools,Weather, Resistant,Resin (Brown)",59.99,"Versatile Application: The ideal place to store patio cushions, pool accessories, and beach towels; Can also be used as storage bench, ottoman, side table, and patio table
HIDDEN STORAGE: YITAHOME small deck box offers spacious storage room and adds aesthetic style to your patio, backyard, deck, laundry room and other places
DURABLE STRUCTURE: All-weather resin construction keeps product from rusting, peeling ordenting; safe for kids and animals, and can last for years to come
EASY ASSEMBLY & MAINTENANCE: Includes detailed assembly instructions so you can install in minutes without tools; Smooth PP surface requires only a towel wipe to clean
IDEAL STORAGE: 51 gallon storage capacity ideal for use as a small storage option.(L X W X H): 21.9 in X 21.9 in X 24.6 Max Weight Capactity 660 lbs / 300 kgs","Recycled materials
Contains at least 95% recycled material.
As certified by
",4.5 out of 5 stars,332 ratings,https://www.amazon.com/YITAHOME-Container-Cushions-Supplies-Resistant/dp/B09F3LFTR5/ref=sr_1_12?dib=eyJ2IjoiMSJ9.5mSbCwoV1J95cpJAEsyEl4g7IzwapkwwxvIeu5Q2vkkcDR8HPfvGh23GCeoqgCIM5sqt0uF68jvzocmBwSiTrPryhHStUYUR9sjNYRGH3kjBRLcfzr3vNYpSgjBNqhRsUbalJrMxHgVYOVsSv283dB2sfVCZ7Rh6PSX0o3cEreRwHfG9oQ-LoK-pBe4yviGS.yg91vOsJr1wHYc3FkO5uviJigm7ZdMXXt0CTcD5_L3A&dib_tag=se&qid=1727754468&rnid=2941120011&s=hi&sr=1-12&srs=21411242011&th=1,"Product Features: [""Versatile Application"", ""HIDDEN STORAGE"", ""DURABLE STRUCTURE"", ""EASY ASSEMBLY"", ""MAINTENANCE"", ""storage bench"", ""ottoman"", ""side table"", ""patio table"", ""spacious storage room"", ""aesthetic style"", ""All-weather resin construction"", ""PP surface"", ""storage capacity"", ""Weight Capacity""]","Product Affordances: [""store"", ""used"", ""offers"", ""adds"", ""keeps"", ""safe"", ""install"", ""clean"", ""spacious"", ""durable"", ""easy"", ""versatile"", ""ideal""]"
